나라,도시,명소 분류,명소,best 랜드마크
미국,뉴욕,박물관,911 기념관,자유의여신상
미국,뉴욕,산책,센트럴파크,센트럴파크
미국,뉴욕,터미널,그랜드 센트럴 터미널역,타임스퀘어
미국,뉴욕,쇼핑,피프스 애비뉴 쇼핑거리,타임스퀘어
미국,뉴욕,산책,타임 스퀘어,타임스퀘어
미국,뉴욕,전망대,록펠러 센터 전망대,엠파이어스테이트빌딩
미국,뉴욕,전망대,One World Observatory,타임스퀘어
미국,뉴욕,쇼핑,Essex Street Market,자유의여신상
미국,뉴욕,건축물,베슬,자유의여신상
미국,뉴욕,건축물,브루클린 브릿지,브루클린브릿지
미국,뉴욕,산책,리틀 아일랜드,브루클린브릿지
미국,뉴욕,전망대,써밋 원 밴더빌트,타임스퀘어
미국,뉴욕,박물관,브로드웨이 박물관,센트럴파크
미국,뉴욕,건축물,성 패트릭 대성당,엠파이어스테이트빌딩
미국,뉴욕,쇼핑,첼시마켓,엠파이어스테이트빌딩
미국,뉴욕,박물관,매트로 폴리탄 미술관,브루클린브릿지
미국,뉴욕,건축물,뉴욕 공립 도서관,타임스퀘어
프랑스,파리,쇼핑,Bastille Market,에펠 탑
프랑스,파리,쇼핑,Mouffetard Market,에펠 탑
프랑스,파리,쇼핑,Marche Aligre,에펠 탑
프랑스,파리,쇼핑,클레르 거리,에펠 탑
프랑스,파리,박물관,오르세 미술관,에펠 탑
프랑스,파리,박물관,루브르 박물관,에펠 탑
프랑스,파리,박물관,마르모땅 미술관,에펠 탑
프랑스,파리,박물관,Atelier de Lumieres,에펠 탑
프랑스,파리,산책,몽마르트르,에펠 탑
프랑스,파리,산책,마레지구,에펠 탑
프랑스,파리,건축물,생제르맹 데프레,에펠 탑
프랑스,파리,산책,라탱 지구,에펠 탑
프랑스,파리,쇼핑,Galeries Lafayette Paris,에펠 탑
프랑스,파리,쇼핑,Le Bon Marche Rive Gauche,에펠 탑
프랑스,파리,쇼핑,Printemps,에펠 탑
프랑스,파리,쇼핑,Citadium Paris,에펠 탑
프랑스,파리,산책,보쥬 광장,에펠 탑
프랑스,파리,건축물,알렉산드르 3세 다리,에펠 탑
프랑스,파리,산책,샹젤리제,에펠 탑
프랑스,파리,박물관,오랑주리 미술관,에펠 탑
프랑스,파리,박물관,로댕 미술관,에펠 탑
프랑스,파리,박물관,마르모땅 미술관,에펠 탑
프랑스,파리,건축물,노트르담 대성당,에펠 탑
프랑스,파리,건축물,샤펠,에펠 탑
프랑스,파리,건축물,개선문,에펠 탑
프랑스,파리,산책,룩셈부르크 공원,에펠 탑
프랑스,파리,산책,튈르리 정원,에펠 탑
프랑스,파리,산책,프롬나드 플랑테,에펠 탑
프랑스,파리,산책,Jardin du Palais Royal,에펠 탑
이탈리아,로마,고대유적,판테온,판테온
이탈리아,로마,고대유적,Domus Aurea,판테온
이탈리아,로마,고대유적,Palatine Hill,판테온
이탈리아,로마,쇼핑,Mercato Trionfale,판테온
이탈리아,로마,쇼핑,누오보 메르카토 디 테스타초,판테온
이탈리아,로마,쇼핑,Nuovo Mercato Esquilino,콜로세움
이탈리아,로마,쇼핑,Affare Fatto Mercatino Usato,콜로세움
이탈리아,로마,박물관,보르게세 미술관,콜로세움
이탈리아,로마,박물관,Museo Nazionale di Castel Sant'Angelo,콜로세움
이탈리아,로마,박물관,musei Capitolini,콜로세움
이탈리아,로마,박물관,Palazzo Doria Pamphilj,콜로세움
이탈리아,로마,박물관,Palazzo Colonna - Galleria Colonna,콜로세움
이탈리아,로마,쇼핑,Euroma 2,콜로세움
이탈리아,로마,쇼핑,Romaest Shopping Center,성 베드로 대성당
이탈리아,로마,테마파크,Luneur Park,성 베드로 대성당
이탈리아,로마,테마파크,Cinecitta World,성 베드로 대성당
이탈리아,로마,테마파크,Oasi Park,성 베드로 대성당
미국,뉴욕,스테이크음식점,Wolfgang's Steakhouse,자유의여신상
미국,뉴욕,스테이크음식점,Peter Luger Steak House,자유의여신상
미국,뉴욕,스테이크음식점,Keens Steakhouse,자유의여신상
미국,뉴욕,피자음식점,Joe's Pizza,자유의여신상
미국,뉴욕,햄버거음식점,Five Guys,자유의여신상
미국,뉴욕,햄버거음식점,SHAKE SHAKE,자유의여신상
미국,뉴욕,햄버거음식점,Chick-fil-A,자유의여신상
미국,뉴욕,햄버거음식점,Wendy's,자유의여신상
미국,뉴욕,피자음식점,Lombardi's Pizza,자유의여신상
미국,뉴욕,피자음식점,John's of Time Square,자유의여신상
미국,뉴욕,피자음식점,Grimaldi's Pizzeria,자유의여신상
미국,뉴욕,피자음식점,Juliana's Pizza,자유의여신상
미국,뉴욕,베이글음식점,Ess-a-Bagel,자유의여신상
미국,뉴욕,베이글음식점,Pick A bagel,자유의여신상
미국,뉴욕,베이글음식점,Russ & Daughters,자유의여신상
미국,뉴욕,베이글음식점,Baz Bagel,자유의여신상
미국,뉴욕,베이글음식점,Best Bagels & Coffee,자유의여신상
미국,뉴욕,베이글음식점,Murray's Bagels,자유의여신상
미국,뉴욕,베이글음식점,Tompkins Square Bagels,자유의여신상
미국,뉴욕,재즈바,Blue Note Jazz Club,자유의여신상
미국,뉴욕,재즈바,Birdland Jazz Club,자유의여신상
미국,뉴욕,재즈바,Dizzy's Club,자유의여신상
미국,뉴욕,재즈바,Village Vanguard,자유의여신상
미국,뉴욕,재즈바,Smoke Jazz & Supper Club,자유의여신상
미국,뉴욕,재즈바,Tomi Jazz,자유의여신상
미국,뉴욕,카페,Ralph's Coffee,자유의여신상
미국,뉴욕,카페,% Arabica,자유의여신상
미국,뉴욕,카페,La Colombe Coffee Roasters,자유의여신상
미국,뉴욕,카페,Devocion,자유의여신상
미국,뉴욕,카페,Think Coffee,자유의여신상
미국,뉴욕,카페,Ten Thousand Coffee,자유의여신상
미국,뉴욕,디저트,Junior's Restaurant & Bakery,자유의여신상
미국,뉴욕,디저트,Eileen's Special Cheesecake,자유의여신상
미국,뉴욕,디저트,Veniero's Pasticceria & Caffe,자유의여신상
미국,뉴욕,디저트,Magnolia Bakery,자유의여신상
미국,뉴욕,디저트,Levain Bakery,자유의여신상
미국,뉴욕,디저트,Serendipity3,자유의여신상
미국,뉴욕,디저트,Dominique Ansel Bakery,자유의여신상
미국,뉴욕,디저트,Angelina Paris,자유의여신상
미국,뉴욕,디저트,Laduree,자유의여신상
미국,뉴욕,디저트,Brooklyn Ice Cream Factory,자유의여신상
미국,뉴욕,디저트,Big Gay Ice Cream,자유의여신상
미국,뉴욕,디저트,Van Leeuwen Ice Cream,자유의여신상
미국,뉴욕,디저트,Ample Hills Creamery,자유의여신상
미국,뉴욕,디저트,Mikey Likes it Ice Cream,자유의여신상
미국,뉴욕,디저트,Soft Swerve Ice Cream,자유의여신상
미국,뉴욕,디저트,Tipsy Scoop,자유의여신상
프랑스,파리,음식점,Les Fabricants,에펠 탑
프랑스,파리,햄버거음식점,Blend Hamburger,에펠 탑
프랑스,파리,음식점,Pierre Sang in Oberkampf,에펠 탑
프랑스,파리,스테이크음식점,Le Relais de L'Entrecote,에펠 탑
프랑스,파리,디저트,Comme a Lisbonne,에펠 탑
프랑스,파리,스테이크음식점,Le Louchebem,에펠 탑
프랑스,파리,베이커리,Stohrer,에펠 탑
프랑스,파리,피자음식점,Pizzeria Popolare,에펠 탑
프랑스,파리,베이커리,Le Grenier a Pain,에펠 탑
프랑스,파리,카페,Partisian Caf? Artisanal,에펠 탑
프랑스,파리,음식점,Ober Mamma,에펠 탑
프랑스,파리,음식점,Maison Park,에펠 탑
프랑스,파리,음식점,Caf? De L'homme,에펠 탑
프랑스,파리,음식점,Pedzouille La Grange,에펠 탑
프랑스,파리,음식점,Bistrot Instinct,에펠 탑
프랑스,파리,음식점,Sacre'e fleur,에펠 탑
프랑스,파리,음식점,L'Oiseau Blanc Restaurant,에펠 탑
프랑스,파리,피자음식점,Pizzeria Arrivederci,에펠 탑
프랑스,파리,음식점,Adraba,에펠 탑
프랑스,파리,음식점,Bustro Nome Paris,에펠 탑
프랑스,파리,음식점,L'Aller Retour,에펠 탑
프랑스,파리,음식점,Le Vieux Bistrot,에펠 탑
프랑스,파리,음식점,Under The Sea Restaurant,에펠 탑
이탈리아,로마,음식점,zerozero100,판테온
이탈리아,로마,음식점,Casa Prati,판테온
이탈리아,로마,음식점,DOC EnoBistrot - Cruderia & Cucina,판테온
이탈리아,로마,음식점,Pasta e Vino - Via Florida,판테온
이탈리아,로마,음식점,Trattoria Da Dante,판테온
이탈리아,로마,음식점,Osteria Bonelli,콜로세움
이탈리아,로마,음식점,Tonnarello,콜로세움
이탈리아,로마,음식점,Pasta In Corso Cavour,콜로세움
이탈리아,로마,음식점,Ambrosia Rooftop Restaurant & Bar,콜로세움
이탈리아,로마,음식점,Osteria da Fortunata - Pellegrino,콜로세움
이탈리아,로마,음식점,La Fata Ignorante - Rooftop Restaurant & Bar,콜로세움
이탈리아,로마,음식점,Osteria Mare',콜로세움
이탈리아,로마,음식점,Bono Bottega Nostrana - San Pietro,콜로세움
이탈리아,로마,음식점,Osterial Del Borgo,콜로세움
이탈리아,로마,음식점,Nannarella,콜로세움
이탈리아,로마,음식점,Settimo Roman Cuisine & Terrace,콜로세움
이탈리아,로마,음식점,Pinsitaly Trevi,성 베드로 대성당
이탈리아,로마,음식점,La Tavernetta 29 da Tony e Andrea,성 베드로 대성당
이탈리아,로마,음식점,Taverna 51,성 베드로 대성당
이탈리아,로마,음식점,Osteria del Sostegno,성 베드로 대성당
이탈리아,로마,음식점,Ristorante Amedeo,성 베드로 대성당
이탈리아,로마,음식점,La Terrazza Dei Papi,성 베드로 대성당
이탈리아,로마,음식점,Da Enzo AI 29,성 베드로 대성당
이탈리아,로마,음식점,Ristorante Aroma,성 베드로 대성당
미국,샌프란시스코,음식점,EagleCafe,금문교
미국,샌프란시스코,음식점,Mersea Restaurant & Bar,금문교
미국,샌프란시스코,음식점,Fog Habor Fish House,금문교
미국,샌프란시스코,음식점,Waterbar,금문교
미국,샌프란시스코,음식점,Fogo de Chao Brazillian Steakhouse,금문교
미국,샌프란시스코,음식점,EightAm,금문교
미국,샌프란시스코,음식점,GoldBarDistillery,금문교
미국,샌프란시스코,음식점,CrabHouseatPier39,금문교
미국,샌프란시스코,음식점,John's Grill,금문교
미국,샌프란시스코,음식점,Blue Mermaid Restaurant,금문교
미국,샌프란시스코,음식점,Original Joe's,해변
미국,샌프란시스코,음식점,CityViewRestaurant,해변
미국,샌프란시스코,음식점,Mo's Grill,해변
미국,샌프란시스코,음식점,Pier MarketSeafood Restaurant,해변
미국,샌프란시스코,음식점,Epic Steak,해변
미국,샌프란시스코,음식점,Tad's Steakhouse,해변
미국,샌프란시스코,음식점,Greens,해변
미국,샌프란시스코,음식점,TheViewLounge,해변
미국,샌프란시스코,아트갤러리,SanFranciscoArtExchangeLLC,해변
미국,샌프란시스코,아트갤러리,MinnaGallery,해변
미국,샌프란시스코,아트갤러리,ZKGallery,해변
미국,샌프란시스코,아트갤러리,EdenFineArt,해변
미국,샌프란시스코,아트갤러리,MartinLawrenceGalleries,금문교
미국,샌프란시스코,아트갤러리,BerggruenGallery,금문교
미국,샌프란시스코,아트갤러리,Images of the North,금문교
미국,샌프란시스코,공원,골든 게이트 국립 보양지,금문교
미국,샌프란시스코,공원,Presidio of San Francisco,금문교
미국,샌프란시스코,공원,Mission Dolores Park,금문교
미국,샌프란시스코,공원,크리시필드,금문교
미국,샌프란시스코,산책로,Lombard Street,금문교
미국,샌프란시스코,산책로,Music Concourse,금문교
미국,샌프란시스코,산책로,Jerry Garcia Mural,금문교
미국,샌프란시스코,아트뮤지엄,샌프란시스코 현대 미술관,금문교
미국,샌프란시스코,아트뮤지엄,레지옹 도뇌르 미술관,금문교
미국,샌프란시스코,아트뮤지엄,드 영 박물관,금문교
미국,샌프란시스코,아트뮤지엄,아시아 아트 뮤지엄,금문교
미국,샌프란시스코,건축물,Rincon Center Postal Annex,금문교
미국,샌프란시스코,건축물,Pacific Gas and Electric General Office Building,금문교
미국,샌프란시스코,건축물,코이트 타워,금문교
미국,샌프란시스코,건축물,샌프란시스코 시청,금문교
미국,샌프란시스코,쇼핑몰,페리빌딩 마켓플레이스,금문교
미국,샌프란시스코,쇼핑몰,기라델리 스퀘어,금문교
미국,샌프란시스코,쇼핑몰,San Francisco Centre,금문교
미국,샌프란시스코,쇼핑몰,Japan Center,금문교
미국,샌프란시스코,항구,피어39,금문교
미국,라스베가스,박물관,The Mob Museum,The Sphere
미국,라스베가스,박물관,"Shelby American, Inc.",The Sphere
미국,라스베가스,박물관,Zak Bagans' The Haunted Museum,The Sphere
미국,라스베가스,박물관,Pinball Hall of Fame,The Sphere
미국,라스베가스,즐길거리,The Las Vegas Strip,라스베가스 스트립
미국,라스베가스,즐길거리,벨라지오 분수,벨라지오 분수
미국,라스베가스,즐길거리,스트래토스피어 타워,라스베가스 스트립
미국,라스베가스,즐길거리,Hoover Dam Bypass,라스베가스 스트립
미국,라스베가스,쇼핑몰,The Grand Canal Shoppes at The Venetian Resort,베네치안 호텔
미국,라스베가스,쇼핑몰,Downtown Container Park,벨라지오 분수
미국,라스베가스,쇼핑몰,Fashion Show Las Vegas,벨라지오 분수
미국,라스베가스,쇼핑몰,Forum Shops at Caesars Palace,시저스 팰리스
미국,라스베가스,수족관,Shark Reef Aquarium,시저스 팰리스
미국,라스베가스,수족관,SeaQuest,시저스 팰리스
미국,라스베가스,수족관,Silverton Aquarium,베네치안 호텔
미국,라스베가스,수족관,Mermaid's show,베네치안 호텔
미국,라스베가스,카지노,Wynn Las Vegas Casino,베네치안 호텔
미국,라스베가스,카지노,Casino at Bellagio,벨라지오 분수
미국,라스베가스,카지노,Ellis Island Casino & Brewery,베네치안 호텔
미국,라스베가스,카지노,The Cosmopolitan Casino,벨라지오 분수
미국,라스베가스,아트갤러리,The Gallery at Aria,베네치안 호텔
미국,라스베가스,아트갤러리,Art of Richard MacDonald,베네치안 호텔
미국,라스베가스,아트갤러리,Banksy Exhibition: Genius or Vandal,베네치안 호텔
미국,라스베가스,아트갤러리,Kush Fine Art,베네치안 호텔
미국,라스베가스,극장,Dolby Live,The Sphere
미국,라스베가스,극장,Ph Live At Planet Hollywood,The Sphere
미국,라스베가스,극장,The Colosseum,The Sphere
미국,라스베가스,극장,Pearl Concert Theater,The Sphere
미국,라스베가스,분수대,Bellagio Chocolate Fountain,벨라지오 분수
미국,라스베가스,분수대,Wynn Esplanade Fountain,벨라지오 분수
이탈리아,베네치아,역사,두 칼레 궁전,산 마르코 대성당
이탈리아,베네치아,역사,Campanile di San Marco,산 마르코 대성당
이탈리아,베네치아,역사,페기 구겐하임 컬렉션,산 마르코 대성당
이탈리아,베네치아,역사,Scuola Grande di San Rocco,산 마르코 대성당
이탈리아,베네치아,즐길거리,산 마르코 광장,리알토 다리
이탈리아,베네치아,아트뮤지엄,Ca'Rezzonico,리알토 다리
이탈리아,베네치아,아트뮤지엄,Gallerie dell'Accademia,리알토 다리
이탈리아,베네치아,아트뮤지엄,Museo Correr,리알토 다리
이탈리아,베네치아,건축물,Ponte di Rialto,리알토 다리
이탈리아,베네치아,건축물,Ponte dei Sospiri,리알토 다리
이탈리아,베네치아,건축물,Ponte dell'Accademia,리알토 다리
이탈리아,베네치아,물길,그랜드 캐널,대운하
이탈리아,베네치아,물길,Laguna di Venezia,대운하
이탈리아,베네치아,물길,Riva dei Sette Martiri,대운하
이탈리아,베네치아,물길,Riva del Carbon,대운하
일본,교토,시장,교토 니시키 시장,금각사
일본,교토,시장,Flea Market Kitano Tenmangu Shrine,금각사
일본,교토,시장,Re : Kyoto exhibition,금각사
일본,교토,박물관,교토 국제 망가 뮤지엄,야사카의 탑
일본,교토,박물관,Kyoto Railway Museum,야사카의 탑
일본,교토,박물관,Samurai & ninja museum with experience,야사카의 탑
일본,교토,박물관,Gekkeikan Okura Sake Museum,야사카의 탑
일본,교토,아트뮤지엄,Kyoto National Museum,후시미 이나리 신사
일본,교토,아트뮤지엄,Garden of Fine Arts,후시미 이나리 신사
일본,교토,아트뮤지엄,Kyoto Seishu Netsuke Art Museum,후시미 이나리 신사
일본,교토,산책로,기온,아라시야마 대나무 숲
일본,교토,산책로,Arashyama,아라시야마 대나무 숲
일본,교토,산책로,철학의 길,아라시야마 대나무 숲
일본,교토,산책로,Nanzenji Suirokaku,아라시야마 대나무 숲
일본,도쿄,즐길거리,Meiji Jingu,도쿄 타워
일본,도쿄,즐길거리,도쿄 국립 박물관,도쿄 타워
일본,도쿄,즐길거리,도쿄 스카이 트리 ,도쿄 스카이 트리
일본,도쿄,아트뮤지엄,모리 미술관,도쿄 타워
일본,도쿄,아트뮤지엄,국립 신미술관,도쿄 타워
일본,도쿄,아트뮤지엄,네즈 미술관,도쿄 타워
일본,도쿄,테마파크,Tokyo Dome City Attractions,도쿄 스카이 트리
일본,도쿄,테마파크,Arakawa Yuen,도쿄 스카이 트리
일본,도쿄,테마파크,하나야시키,도쿄 스카이 트리
일본,도쿄,테마파크,아소보노,도쿄 스카이 트리
일본,도쿄,쇼핑몰,Tokyo Midtown,아사쿠사
일본,도쿄,쇼핑몰,Naknao Broadway,아사쿠사
일본,도쿄,쇼핑몰,Diver City Tokyo Plaza,아사쿠사
일본,도쿄,쇼핑몰,Ginza Six,아사쿠사
일본,도쿄,쇼핑몰,아메요코 쇼핑가,아사쿠사
